Project_Project Id,Project Key Dates_Approval FY
P174604,2021
P176546,2021
P176157,2021
P169930,2021
P176216,2021
P175785,2021
P176304,2021
P176034,2021
P176827,2021
P170843,2021
P176661,2021
P174163,2021
P176450,2021
P174913,2021
P176570,2021
P172862,2021
P176352,2021
P169025,2021
P174839,2021
P175840,2021
P176257,2021
P176811,2021
P176400,2021
P174898,2021
P173297,2021
P173252,2021
P173259,2021
P175662,2021
P175807,2021
P174452,2021
P176460,2021
P170954,2021
P175718,2021
P172528,2021
P176215,2021
P176054,2021
P173132,2021
P174328,2021
P175168,2021
P175308,2021
P174385,2021
P170798,2021
P174227,2021
P174348,2021
P176697,2021
P174209,2021
P175645,2021
P176307,2021
P174880,2021
P175542,2021
P177181,2021
P176154,2021
P176706,2021
P165751,2021
P175778,2021
P174813,2021
P170376,2021
P176336,2021
P174677,2021
P161534,2021
P175730,2021
P162178,2021
P176418,2021
P176114,2021
P173823,2021
P172605,2021
P169561,2021
P175912,2021
P172422,2021
P172213,2021
P172562,2021
P171516,2021
P176878,2021
P172325,2021
P168812,2021
P176212,2021
P174386,2021
P176557,2021
P169222,2021
P175820,2021
P170391,2021
P168699,2021
P173980,2021
P173398,2021
P171050,2021
P174007,2021
P175137,2021
P169943,2021
P174783,2021
P171034,2021
P168097,2021
P163484,2021
P171636,2021
P173975,2021
P174111,2021
P172535,2021
P175616,2021
P172627,2021
P171645,2021
P174417,2021
P175791,2021
P172809,2021
P173013,2021
P163542,2021
P175853,2021
P174144,2021
P174114,2021
P174669,2021
P174546,2021
P176129,2021
P174769,2021
P168484,2021
P174566,2021
P167443,2021
P173978,2021
P171973,2021
P172657,2021
P176402,2021
P174717,2021
P174946,2021
P175771,2021
P172255,2021
P175992,2021
P172548,2021
P175131,2021
P166244,2021
P176754,2021
P176012,2021
P174085,2021
P176841,2021
P171854,2021
P173287,2021
P170604,2021
P172868,2021
P175023,2021
P174547,2021
P172972,2021
P175878,2021
P173332,2021
P173416,2021
P174316,2021
P176015,2021
P176033,2021
P175417,2021
P173407,2021
P176824,2021
P175085,2021
P174885,2021
P175414,2021
P174028,2021
P174600,2021
P168577,2021
P173062,2021
P176152,2021
P175045,2021
P174866,2021
P173344,2021
P175176,2021
P170704,2021
P173637,2021
P175273,2021
P171892,2021
P176422,2021
P174042,2021
P174220,2021
P175188,2021
P175172,2021
P172924,2021
P175759,2021
P171446,2021
P171543,2021
P167169,2021
P167725,2021
P171577,2021
P173103,2021
P173601,2021
P174056,2021
P176345,2021
P170943,2021
P176360,2021
P174078,2021
P171406,2021
P170913,2021
P174197,2021
P172705,2021
P173387,2021
P172777,2021
P171723,2021
P174186,2021
P173165,2021
P174214,2021
P173802,2021
P174352,2021
P172224,2021
P171227,2021
P173282,2021
P166596,2021
P172373,2021
P176407,2021
P176369,2021
P174366,2021
P176026,2021
P174206,2021
P173748,2021
P175355,2021
P164920,2021
P175875,2021
P161182,2021
P176335,2021
P174539,2021
P166570,2021
P176441,2021
P171745,2021
P168862,2021
P172582,2021
P165375,2021
P173251,2021
P176313,2021
P172393,2021
P174153,2021
P173429,2021
P163428,2021
P173017,2021
P175841,2021
P176302,2021
P163461,2021
P175087,2021
P168074,2021
P174318,2021
P163797,2021
P173676,2021
P176349,2021
P174166,2021
P172979,2021
P160368,2021
P171511,2021
P175749,2021
P176343,2021
P175456,2021
P176084,2021
P173621,2021
P174294,2021
P174736,2021
P169413,2021
P175306,2021
P176449,2021
P171664,2021
P170734,2021
P172594,2021
P173686,2021
P176183,2021
P164416,2021
P162916,2021
P173582,2021
P164032,2021
P173021,2021
P170645,2021
P173197,2021
P166020,2021
P160766,2021
P166072,2021
P166193,2021
P161305,2021
P167820,2021
P174707,2021
P167814,2021
P166415,2021
P168613,2021
P164847,2021
P171305,2021
P167054,2021
P169342,2021
P169120,2021
P165128,2021
P176273,2021
P163418,2021
P171793,2021
P167569,2021
P170419,2021
P176564,2021
P175895,2021
P172654,2021
P171613,2021
P170839,2021
P168961,2021
P171158,2021
P174379,2021
P166785,2021
P172689,2021
P163835,2021
P173521,2021
P168608,2021
P171683,2021
P171742,2021
P168908,2021
P164184,2021
P164212,2021
P167312,2021
P174273,2021
P170425,2021
P173225,2021
P174299,2021
P174041,2021
P169071,2021
P170278,2021
P174457,2021
P175894,2021
P163035,2021
P171059,2021
P172425,2021
P171056,2021
P173145,2021
P172434,2021
P165017,2021
P162605,2021
P173314,2021
P174169,2021
P174605,2021
P169742,2021
P174266,2021
P175740,2021
P167890,2021
P177149,2021
P177087,2021
P161833,2021
P174023,2021
P174797,2021
P170664,2021
P175441,2021
P172662,2021
P172225,2021
P170811,2021
P175252,2021
P171778,2021
P174761,2021
P175588,2021
P167543,2021
P169698,2021
P171417,2021
P174757,2021
P171141,2021
P168633,2021
P172024,2021
P175952,2021
P175206,2021
P172899,2021
P175385,2021
P176856,2021
P175268,2021
P170215,2021
P168993,2021
P163361,2021
P169021,2021
P173367,2021
P173749,2021
P172031,2021
P170561,2021
P176480,2021
P173073,2021
P174101,2021
P174177,2021
P174002,2021
P169949,2021
P172788,2021
P173704,2021
P175382,2021
P176125,2021
P170206,2021
P171449,2021
P171339,2021
P166805,2021
P173568,2021
P174484,2021
P164134,2021
P171976,2021
P171284,2021
P170868,2021
P175727,2021
P170873,2021
P174185,2021
P175816,2021
P174684,2021
P175830,2021
P175884,2021
P175138,2021
P174635,2021
P175911,2021
P173249,2021
P171099,2021
P176528,2021
P167506,2021
P175977,2021
P173087,2021
P171924,2021
P169945,2021
P171328,2021
P171620,2021
P172479,2021
P171419,2021
P174066,2021
P174778,2021
P174033,2021
P174336,2021
P174108,2021
P170452,2021
P169267,2021
P173001,2021
P170559,2021
P175036,2021
P173283,2021
P170025,2021
P173830,2021
P174267,2021
P175263,2021
P176485,2021
P173933,2021
P168411,2021
P173977,2021
P173958,2021
P173213,2021
P173480,2021
P173769,2021
P175837,2021
P170471,2021
P172226,2021
P175953,2021
P174268,2021
P172885,2021
P172891,2021
P174958,2021
P172492,2021
P166820,2021
P173399,2021
P174112,2021
P169921,2021
P174874,2021
P168823,2021
P174436,2021
P175805,2021
P173048,2021
P172848,2021
P172153,2021
P163143,2021
P167788,2021
P174781,2021
P173464,2021
P175927,2021
P175848,2021
P174886,2021
P176326,2021
P175632,2021
P175955,2021
P176526,2021
P174285,2021
P174244,2021
P162172,2021
P169003,2021
P170640,2021
P166672,2021
P175827,2021
P172974,2021
P171456,2021
P170309,2021
P174355,2021
P164271,2021
P170598,2021
P169970,2021
P172348,2021
P171657,2021
P170365,2021
P170743,2021
P172647,2021
P174119,2021
P174072,2021
P169280,2021
P174337,2021
P174017,2021
P176751,2021
P176454,2021
P174480,2021
P176354,2021
P175025,2021
P175641,2021
P173706,2021
P171433,2021
P175864,2021
P172611,2021
P174049,2021
P176721,2021
P176807,2021
P173350,2021
P174035,2021
P175111,2021
P176368,2021
P175946,2021
P174571,2021
P176862,2021
P174956,2021
P174404,2021
P174389,2021
P173012,2021
P176562,2021
P174675,2021
P174128,2021
P162647,2021
P171886,2021
P174314,2021
P174059,2021
P174223,2021
P161392,2017
P161048,2017
P163144,2017
P161939,2017
P158655,2017
P162712,2017
P163199,2017
P161559,2017
P163468,2017
P162171,2017
P161998,2017
P163830,2017
P149340,2017
P161905,2017
P159522,2017
P159040,2017
P161434,2017
P159668,2017
P160170,2017
P160430,2017
P156892,2017
P162760,2017
P161029,2017
P160272,2017
P161798,2017
P157801,2017
P160658,2017
P156165,2017
P155875,2017
P156738,2017
P157127,2017
P160533,2017
P161809,2017
P159060,2017
P163740,2017
P161465,2017
P163628,2017
P163729,2017
P160073,2017
P159037,2017
P160282,2017
P161454,2017
P163699,2017
P161351,2017
P161566,2017
P160612,2017
P159132,2017
P162274,2017
P163081,2017
P162840,2017
P156759,2017
P155339,2017
P160959,2017
P157325,2017
P162666,2017
P158604,2017
P160057,2017
P160234,2017
P158987,2017
P157104,2017
P159054,2017
P159912,2017
P160951,2017
P151281,2017
P161814,2017
P159562,2017
P160268,2017
P159961,2017
P160606,2017
P158751,2017
P163146,2017
P161654,2017
P160118,2017
P159434,2017
P161624,2017
P160650,2017
P152281,2017
P159600,2017
P148616,2017
P155198,2017
P153173,2017
P156584,2017
P154908,2017
P161618,2017
P158505,2017
P156378,2017
P156766,2017
P159427,2017
P158982,2017
P158435,2017
P159519,2017
P158504,2017
P159238,2017
P158958,2017
P151030,2017
P156186,2017
P154782,2017
P156056,2017
P154283,2017
P154784,2017
P159213,2017
P159807,2017
P157198,2017
P153370,2017
P159448,2017
P160633,2017
P155303,2017
P160801,2017
P160014,2017
P156492,2017
P161447,2017
P156208,2017
P161730,2017
P163065,2017
P161644,2017
P156823,2017
P151835,2017
P160250,2017
P159189,2017
P157782,2017
P161591,2017
P159683,2017
P160488,2017
P160931,2017
P156239,2017
P160739,2017
P156867,2017
P160665,2017
P158194,2017
P158493,2017
P157372,2017
P161451,2017
P161463,2017
P162304,2017
P163350,2017
P154779,2017
P157662,2017
P159747,2017
P158951,2017
P161533,2017
P160445,2017
P156049,2017
P160964,2017
P160917,2017
P161363,2017
P159637,2017
P160519,2017
P162667,2017
P161393,2017
P156160,2017
P163846,2017
P160029,2017
P161514,2017
P161806,2017
P161630,2017
P158086,2017
P161154,2017
P161248,2017
P162477,2017
P162470,2017
P159489,2017
P151789,2017
P159217,2017
P163194,2017
P158976,2017
P159843,2017
P158952,2017
P163313,2017
P161000,2017
P159160,2017
P160344,2017
P160292,2017
P160934,2017
P157635,2017
P163833,2017
P163161,2017
P156384,2017
P163246,2017
P160382,2017
P156466,2017
P161359,2017
P156412,2017
P163241,2017
P161160,2017
P159699,2017
P161435,2017
P155842,2017
P160500,2017
P160583,2017
P156900,2017
P157943,2017
P159493,2017
P163559,2017
P159053,2017
P158816,2017
P161307,2017
P157671,2017
P163049,2017
P160512,2017
P157233,2017
P149485,2017
P147278,2017
P157891,2017
P153012,2017
P153548,2017
P153604,2017
P151086,2017
P160274,2017
P153541,2017
P148531,2017
P151026,2017
P151224,2017
P150928,2017
P160751,2017
P156634,2017
P152959,2017
P155201,2017
P152881,2017
P150361,2017
P156739,2017
P154948,2017
P153591,2017
P160383,2017
P156433,2017
P156241,2017
P154683,2017
P157096,2017
P157055,2017
P154623,2017
P154778,2017
P157425,2017
P156687,2017
P158411,2017
P153473,2017
P154253,2017
P150496,2017
P159397,2017
P162380,2017
P157531,2017
P162837,2017
P159517,2017
P157909,2017
P156590,2017
P158983,2017
P160446,2017
P154698,2017
P160279,2017
P155412,2017
P160033,2017
P159215,2017
P161067,2017
P159470,2017
P160911,2017
P157038,2017
P160717,2017
P153892,2017
P158434,2017
P154387,2017
P157473,2017
P161319,2017
P160096,2017
P160947,2017
P154947,2017
P155851,2017
P156012,2017
P158817,2017
P159953,2017
P158475,2017
P160652,2017
P161338,2017
P162538,2017
P159303,2017
P149597,2017
P158724,2017
P159929,2017
P158709,2017
P161980,2017
P163248,2017
P159632,2017
P161015,2017
P160223,2017
P155087,2017
P154713,2017
P159995,2017
P159115,2017
P162925,2017
P158033,2017
P157765,2017
P161781,2017
P160371,2017
P157249,2017
P159112,2017
P160929,2017
P157918,2017
P156253,2017
P158413,2017
P156475,2017
P157864,2017
P159049,2017
P157892,2017
P162110,2017
P158532,2017
P157114,2017
P159429,2017
P157607,2017
P159497,2017
P160108,2017
P159426,2017
P161179,2017
P155324,2017
P159693,2017
P160554,2017
P163741,2017
P159000,2017
P158710,2017
P162244,2017
P149522,2017
P156410,2017
P156411,2017
P160267,2017
P162168,2017
P157795,2017
P157521,2017
P159760,2017
P159717,2017
P146469,2017
P252338,2017
P157136,2017
P157922,2017
P143795,2017
P155047,2017
P155513,2017
P162004,2017
P160699,2017
P158807,2017
P150008,2017
P159931,2017
P153805,2017
P157932,2017
P156473,2017
P159737,2017
P160309,2017
P158643,2017
P155968,2017
P159771,2017
P159297,2017
P160570,2017
P160748,2017
P160523,2017
P162022,2017
P151851,2017
P158066,2017
P157416,2017
P159667,2017
P152347,2017
P154314,2017
P147438,2017
P155630,2017
P158899,2017
P159798,2017
P161312,2017
P160090,2017
P158363,2017
P155885,2017
P160207,2017
P160499,2017
P156479,2017
P151739,2017
P149528,2017
P158347,2017
P161704,2017
P157858,2017
P162743,2017
P160567,2017
P162344,2017
P150937,2017
P150999,2017
P154580,2017
P152117,2017
P155191,2017
P152343,2017
P151324,2017
P153496,2017
P149610,2017
P152698,2017
P153613,2017
P156113,2017
P156849,2017
P154548,2017
P152755,2017
P152406,2017
P155186,2017
P160018,2017
P155522,2017
P151618,2017
P159761,2017
P159330,2017
P157117,2017
P160359,2017
P154856,2017
P163387,2017
P154777,2017
P159428,2017
P163476,2017
P157733,2017
P161490,2017
P158798,2017
P156143,2017
P158492,2017
P158099,2017
P157395,2017
P160738,2017
P153803,2017
P163720,2017
P162170,2017
P147921,2017
P148355,2017
P158579,2017
P146252,2017
P157036,2017
P157716,2017
P147147,2017
P152171,2017
P158415,2017
P153366,2017
P132748,2017
P156250,2017
P150369,2017
P150991,2017
P149521,2017
P159901,2017
P163608,2017
P160770,2017
P153042,2017
P155111,2017
P155541,2017
P155038,2017
P152528,2017
P154984,2017
P156750,2017
P159515,2017
P160447,2017
P156252,2017
P158359,2017
P159291,2017
P154389,2017
P158387,2017
P158836,2017
P154447,2017
P156413,2017
P156259,2017
P143495,2017
P152820,2017
P148775,2017
P132401,2017
P149690,2017
P133829,2017
P151357,2017
P158889,2017
P147854,2017
P128605,2017
P147342,2017
P150308,2017
P153349,2017
P154185,2017
P160071,2017
P145316,2017
P155876,2017
P156778,2017
P155235,2017
P157993,2017
P161586,2017
P154275,2017
P155645,2017
P159437,2017
P154477,2017
P150816,2017
P159512,2017
P151449,2017
P152860,2017
P155902,2017
P161018,2017
P155475,2017
P181087,2024
P178653,2024
P181174,2024
P177679,2024
P500560,2024
P180622,2024
P180762,2024
P177819,2024
P179771,2024
P181021,2024
P180027,2024
P178720,2024
P180000,2024
P178683,2024
P179347,2024
P178855,2024
P181008,2024
P180122,2024
P179644,2024
P178704,2024
P179449,2024
P180708,2024
P179154,2024
P180872,2024
P178861,2024
P181391,2024
P179913,2024
P174460,2024
P181308,2024
P179244,2024
P500587,2024
P179845,2024
P174759,2024
P181371,2024
P180287,2024
P180306,2024
P180409,2024
P179822,2024
P179969,2024
P178644,2024
P179346,2024
P180687,2024
P180602,2024
P180619,2024
P179749,2024
P180634,2024
P179509,2024
P179988,2024
P180936,2024
P180153,2024
P179727,2024
P180811,2024
P181150,2024
P180688,2024
P181037,2024
P178767,2024
P501343,2024
P179128,2024
P180501,2024
P180935,2024
P181428,2024
P177688,2024
P179190,2024
P179990,2024
P180719,2024
P179227,2024
P179067,2024
P179323,2024
P180228,2024
P180508,2024
P181161,2024
P179471,2024
P179482,2024
P180524,2024
P180982,2024
P180700,2024
P175144,2024
P180040,2024
P179017,2024
P180118,2024
P180361,2024
P178685,2024
P178783,2024
P180691,2024
P179380,2024
P180465,2024
P178813,2024
P180722,2024
P177474,2024
P180844,2024
P181081,2024
P179365,2024
P178850,2024
P180864,2024
P178768,2024
P180430,2024
P179397,2024
P180495,2024
P181070,2024
P181410,2024
P181396,2024
P181407,2024
P181474,2024
P176547,2024
P181378,2024
P180656,2024
P181317,2024
P181184,2024
P174226,2024
P179270,2024
P180507,2024
P180505,2024
P181311,2024
P177804,2024
P181160,2024
P181345,2024
P178803,2024
P180812,2024
P179737,2024
P181218,2024
P180599,2024
P181209,2024
P181119,2024
P176724,2024
P180962,2024
P175708,2024
P501274,2024
P180627,2024
P181002,2024
P180987,2024
P181422,2024
P172261,2024
P179781,2024
P179046,2024
P501342,2024
P181409,2024
P166693,2024
P181063,2024
P180160,2024
P181347,2024
P178876,2024
P174157,2024
P181380,2024
P181434,2024
P181413,2024
P174586,2024
P178401,2024
P181475,2024
P180854,2024
P173890,2024
P181219,2024
P180798,2024
P501283,2024
P180604,2024
P181088,2024
P181139,2024
P181394,2024
P181339,2024
P181489,2024
P177918,2024
P180940,2024
P178872,2024
P181404,2024
P178928,2024
P181384,2024
P180772,2024
P171144,2024
P174555,2024
P180983,2024
P181189,2024
P173247,2024
P177881,2024
P180707,2024
P171836,2024
P500529,2024
P179534,2024
P174733,2024
P179038,2024
P179398,2024
P179757,2024
P180799,2024
P177722,2024
P181112,2024
P180575,2024
P176451,2024
P177099,2024
P179159,2024
P179631,2024
P181328,2024
P180846,2024
P155827,2024
P171362,2024
P179527,2024
P175561,2024
P179554,2024
P175980,2024
P173503,2024
P180418,2024
P179801,2024
P180665,2024
P178935,2024
P174496,2024
P179088,2024
P181077,2024
P176700,2024
P176954,2024
P178581,2024
P177773,2024
P181354,2024
P180325,2024
P179377,2024
P176733,2024
P181278,2024
P181436,2024
P181214,2024
P169954,2024
P179221,2024
P171627,2024
P176812,2024
P176682,2024
P177478,2024
P172499,2024
P174485,2024
P172223,2024
P177317,2024
P174576,2024
P175940,2024
P167900,2024
P179108,2024
P179599,2024
P172992,2024
P173194,2024
P173728,2024
P179642,2024
P179462,2024
P180220,2024
P178133,2024
P179519,2024
P181324,2024
P165704,2024
P176769,2024
P177308,2024
P171243,2024
P180349,2024
P181341,2024
P178836,2024
P171556,2024
P179036,2024
P180462,2024
P171513,2024
P176883,2024
P180801,2024
P178957,2024
P178667,2024
P178788,2024
P178016,2024
P177022,2024
P179293,2024
P179192,2024
P179003,2024
P180667,2024
P178161,2024
P176115,2024
P177146,2024
P177916,2024
P178487,2024
P179904,2024
P177965,2024
P175318,2024
P178274,2024
P172388,2024
P179009,2024
P181476,2024
P173716,2024
P179804,2024
P180638,2024
P179785,2024
P178663,2024
P180302,2024
P179703,2024
P178357,2024
P180092,2024
P180732,2024
P174171,2024
P178136,2024
P179520,2024
P178595,2024
P178967,2024
P178592,2024
P179923,2024
P180266,2024
P179433,2024
P180085,2024
P176255,2024
P179178,2024
P176317,2024
P181086,2024
P179281,2024
P178699,2024
P180696,2024
P176434,2024
P180512,2024
P180018,2024
P181416,2024
P180456,2024
P178410,2024
P178053,2024
P178049,2024
P179572,2024
P177024,2024
P179037,2024
P178910,2024
P177118,2024
P179558,2024
P176323,2024
P179633,2024
P180733,2024
P178842,2024
P177857,2024
P180298,2024
P179210,2024
P180605,2024
P179276,2024
P176375,2024
P181014,2024
P180028,2024
P179935,2024
P180777,2024
P180748,2024
P179012,2024
P181346,2024
P173389,2024
P179950,2024
P179051,2024
P179797,2024
P177841,2024
P181083,2024
P180051,2024
P179829,2024
P179349,2024
P179338,2024
P180076,2024
P179942,2024
P181369,2024
P180173,2024
P176303,2024
P176725,2024
P500764,2024
P175723,2024
P180931,2024
P180534,2024
P179643,2024
P180681,2024
P178032,2024
P178722,2024
P179687,2024
P179336,2024
P179357,2024
P181155,2024
P175583,2024
P178190,2024
P178573,2024
P177407,2024
P500392,2024
P181166,2024
P176263,2024
P180904,2024
P178165,2024
P176163,2024
P179189,2024
P176693,2024
P177805,2024
P178831,2024
P178582,2024
P180242,2024
P180227,2024
P500402,2024
P173461,2024
P174422,2024
P180260,2024
P174825,2024
P174897,2024
P179278,2024
P179411,2024
P180723,2024
P176887,2024
P180555,2024
P178993,2024
P176932,2024
P178567,2024
P500589,2024
P500488,2024
P500777,2024
P175190,2024
P175879,2024
P179698,2024
P177017,2024
P500430,2024
P500524,2024
P500727,2024
P500500,2024
P500471,2024
P177964,2024
P180580,2024
P180728,2024
P180861,2024
P179078,2024
P180867,2024
P178883,2024
P175996,2024
P174402,2024
P176308,2024
P181421,2024
P181243,2024
P176623,2024
P180244,2024
P175732,2024
P176731,2024
P181200,2024
P178709,2024
P179656,2024
P181029,2024
P181385,2024
P177094,2024
P177844,2024
P179936,2024
P179040,2024
P178640,2024
P176615,2024
P180695,2024
P177328,2024
P177467,2024
P179831,2024
P174001,2024
P179117,2024
P179109,2024
P178120,2024
P180571,2024
P179233,2024
P178986,2024
P178237,2024
P176924,2024
P178167,2024
P177696,2024
P178254,2024
P180384,2024
P180693,2024
P178557,2024
P178417,2024
P180699,2024
P174574,2024
P500588,2024
P179138,2024
P180127,2024
P181244,2024
P180291,2024
P179238,2024
P178673,2024
P180350,2024
P178340,2024
P179746,2024
P179381,2024
P177879,2024
P180480,2024
P177661,2024
P178239,2024
P179538,2024
P179537,2024
P180559,2024
P180770,2024
P178259,2022
P177263,2022
P177769,2022
P178296,2022
P177741,2022
P178914,2022
P178315,2022
P178817,2022
P178455,2022
P178887,2022
P175065,2022
P173335,2022
P177956,2022
P174814,2022
P176199,2022
P175982,2022
P177008,2022
P169916,2022
P172187,2022
P176478,2022
P174903,2022
P176943,2022
P173076,2022
P174937,2022
P178205,2022
P172674,2022
P176532,2022
P177900,2022
P177040,2022
P175660,2022
P177962,2022
P177668,2022
P176620,2022
P178587,2022
P176164,2022
P178816,2022
P176274,2022
P172940,2022
P178033,2022
P178564,2022
P172581,2022
P178946,2022
P174434,2022
P176905,2022
P175221,2022
P175857,2022
P176105,2022
P178047,2022
P176683,2022
P177020,2022
P177674,2022
P176214,2022
P176306,2022
P176108,2022
P176543,2022
P175363,2022
P177072,2022
P177814,2022
P177124,2022
P176404,2022
P176575,2022
P178282,2022
P179010,2022
P177093,2022
P177329,2022
P178215,2022
P175614,2022
P178176,2022
P176006,2022
P176775,2022
P176941,2022
P177179,2022
P176529,2022
P177233,2022
P178143,2022
P177646,2022
P177073,2022
P177069,2022
P176956,2022
P178018,2022
P177076,2022
P178566,2022
P177871,2022
P176060,2022
P178563,2022
P178198,2022
P176687,2022
P170846,2022
P174637,2022
P178462,2022
P176948,2022
P177210,2022
P177906,2022
P175464,2022
P173368,2022
P178821,2022
P178100,2022
P177491,2022
P176867,2022
P176622,2022
P177821,2022
P174047,2022
P178886,2022
P177897,2022
P178539,2022
P177191,2022
P177836,2022
P171257,2022
P176874,2022
P170854,2022
P176221,2022
P175721,2022
P176444,2022
P177439,2022
P178602,2022
P177850,2022
P178245,2022
P178054,2022
P177969,2022
P167798,2022
P172922,2022
P172827,2022
P178270,2022
P178650,2022
P177159,2022
P172078,2022
P176616,2022
P178791,2022
P178427,2022
P176882,2022
P176877,2022
P178434,2022
P172386,2022
P175792,2022
P178159,2022
P177168,2022
P160865,2022
P171517,2022
P171997,2022
P164906,2022
P173506,2022
P170848,2022
P166685,2022
P175896,2022
P176041,2022
P161877,2022
P176226,2022
P172592,2022
P175170,2022
P169330,2022
P171767,2022
P175988,2022
P166991,2022
P174620,2022
P178801,2022
P170236,2022
P170131,2022
P165660,2022
P167795,2022
P168386,2022
P168943,2022
P172769,2022
P171762,2022
P170230,2022
P172774,2022
P172926,2022
P177843,2022
P176419,2022
P161316,2022
P173487,2022
P177416,2022
P176707,2022
P176094,2022
P179043,2022
P177325,2022
P174650,2022
P178419,2022
P169610,2022
P176445,2022
P172806,2022
P171150,2022
P176589,2022
P176758,2022
P173114,2022
P176403,2022
P173065,2022
P175592,2022
P176208,2022
P173711,2022
P172256,2022
P173663,2022
P169718,2022
P170590,2022
P177535,2022
P173743,2022
P152465,2022
P170178,2022
P169548,2022
P169669,2022
P178747,2022
P174067,2022
P174135,2022
P176965,2022
P174414,2022
P178965,2022
P171189,2022
P171607,2022
P176548,2022
P174986,2022
P173070,2022
P167894,2022
P174461,2022
P173151,2022
P171833,2022
P174812,2022
P176789,2022
P173178,2022
P169380,2022
P175659,2022
P175266,2022
P174822,2022
P172800,2022
P175493,2022
P172945,2022
P175587,2022
P173640,2022
P173088,2022
P175828,2022
P173168,2022
P176630,2022
P174335,2022
P174300,2022
P168634,2022
P171438,2022
P172834,2022
P173589,2022
P177247,2022
P168772,2022
P179344,2022
P173677,2022
P172753,2022
P176781,2022
P173688,2022
P172102,2022
P174594,2022
P172615,2022
P170482,2022
P175298,2022
P175676,2022
P177590,2022
P177053,2022
P175783,2022
P175594,2022
P173019,2022
P177782,2022
P174399,2022
P174806,2022
P170891,2022
P175043,2022
P177987,2022
P178492,2022
P176088,2022
P175987,2022
P173763,2022
P178095,2022
P172504,2022
P178067,2022
P178141,2022
P175327,2022
P175455,2022
P175751,2022
P175110,2022
P171462,2022
P172707,2022
P177031,2022
P174259,2022
P178102,2022
P173043,2022
P177240,2022
P178992,2022
P176898,2022
P176272,2022
P178926,2022
P167132,2022
P177185,2022
P172012,2022
P177003,2022
P171933,2022
P173318,2022
P175720,2022
P177100,2022
P173619,2022
P173782,2022
P176608,2022
P178043,2022
P175295,2022
P177856,2022
P176761,2022
P173061,2022
P171098,2022
P176232,2022
P174477,2022
P171644,2022
P175803,2022
P173373,2022
P176385,2022
P177663,2022
P177239,2022
P174875,2022
P177563,2022
P176126,2022
P176581,2022
P175768,2022
P173240,2022
P172350,2022
P177305,2022
P178070,2022
P176770,2022
P176803,2022
P174495,2022
P173018,2022
P173734,2022
P177813,2022
P174867,2022
P176981,2022
P173484,2022
P173309,2022
P176935,2022
P173518,2022
P176297,2022
P177780,2022
P178866,2022
P177895,2022
P176631,2022
P174564,2022
P170853,2022
P177959,2022
P175011,2022
P176371,2022
P176704,2022
P176549,2022
P173450,2022
P176017,2022
P177158,2022
P177135,2022
P174732,2022
P174798,2022
P176702,2022
P175017,2022
P178009,2022
P177902,2022
P174034,2022
P171266,2022
P177004,2022
P175747,2022
P176744,2022
P176900,2022
P173351,2022
P176893,2022
P175325,2022
P178347,2022
P175483,2022
P178146,2022
P176517,2022
P175717,2022
P176396,2022
P174251,2022
P177779,2022
P171524,2022
P171750,2022
P179095,2022
P176747,2022
P173278,2022
P175237,2022
P175356,2022
P175669,2022
P177609,2022
P178540,2022
P170014,2022
P178615,2022
P177915,2022
P178730,2022
P177453,2022
P166189,2022
P177815,2022
P177983,2022
P178247,2022
P176107,2022
P176577,2022
P178126,2022
P176406,2022
P176013,2022
P176694,2022
P171471,2022
P177894,2022
P177884,2022
P174012,2022
P173472,2022
P175921,2022
P178075,2022
P178755,2022
P177714,2022
P172442,2022
P177273,2022
P177618,2022
P178681,2022
P178255,2022
P175694,2022
P176347,2022
P178279,2022
P178011,2022
P177606,2022
P178656,2022
P176448,2022
P178894,2022
P178250,2022
P176995,2022
P178760,2022
P174097,2022
P174329,2022
P169259,2022
P171760,2022
P176141,2022
P170213,2022
P175081,2022
P178280,2022
P177299,2022
P178933,2022
P174708,2022
P174327,2022
P174951,2022
P173316,2022
P176635,2022
P175401,2022
P177742,2022
P178775,2022
P176778,2022
P178849,2022
P174730,2022
P172247,2022
P178045,2022
P178181,2022
P170732,2022
P175745,2022
P171660,2022
P172980,2022
P178848,2022
P176997,2022
P178068,2022
P174401,2022
P177246,2022
P172079,2022
P178479,2022
P178272,2022
P176464,2022
P176590,2022
P170706,2022
P177038,2022
P176300,2022
P178320,2022
P176074,2022
P151951,2014
P151950,2014
P150857,2014
P151527,2014
P151949,2014
P150828,2014
P150140,2014
P150522,2014
P151157,2014
P148797,2014
P151740,2014
P150001,2014
P150033,2014
P150079,2014
P150038,2014
P148560,2014
P150113,2014
P150095,2014
P150310,2014
P133653,2014
P145263,2014
P128887,2014
P151481,2014
P149700,2014
P148974,2014
P149533,2014
P149530,2014
P149937,2014
P149936,2014
P147089,2014
P150037,2014
P145268,2014
P148052,2014
P149884,2014
P149895,2014
P149410,2014
P149629,2014
P149811,2014
P148110,2014
P133613,2014
P149269,2014
P151321,2014
P149019,2014
P149652,2014
P148595,2014
P148706,2014
P148972,2014
P149305,2014
P149311,2014
P149445,2014
P143774,2014
P147887,2014
P149698,2014
P149737,2014
P130142,2014
P126101,2014
P144336,2014
P132698,2014
P147356,2014
P148588,2014
P148881,2014
P147893,2014
P149724,2014
P144614,2014
P148964,2014
P149467,2014
P149512,2014
P148224,2014
P145054,2014
P147860,2014
P147489,2014
P131353,2014
P146098,2014
P148628,2014
P149388,2014
P150756,2014
P147016,2014
P148755,2014
P148215,2014
P149116,2014
P147624,2014
P146606,2014
P132653,2014
P147073,2014
P147343,2014
P147853,2014
P147834,2014
P147819,2014
P147835,2014
P147836,2014
P148130,2014
P149303,2014
P132448,2014
P147837,2014
P147511,2014
P148116,2014
P149536,2014
P127585,2014
P133701,2014
P131201,2014
P145657,2014
P146460,2014
P146287,2014
P147689,2014
P148868,2014
P148288,2014
P147365,2014
P126848,2014
P147713,2014
P127837,2014
P133133,2014
P146244,2014
P148604,2014
P146055,2014
P149463,2014
P149242,2014
P147875,2014
P147402,2014
P147235,2014
P133703,2014
P144534,2014
P147250,2014
P146314,2014
P147348,2014
P132100,2014
P144197,2014
P147608,2014
P148504,2014
P149309,2014
P148003,2014
P148870,2014
P149115,2014
P144532,2014
P146795,2014
P146598,2014
P148476,2014
P147051,2014
P147605,2014
P148749,2014
P146279,2014
P146923,2014
P113629,2014
P145736,2014
P145420,2014
P143367,2014
P147000,2014
P144832,2014
P147658,2014
P147682,2014
P147218,2014
P146695,2014
P147510,2014
P147541,2014
P115763,2014
P131684,2014
P122770,2014
P131013,2014
P143995,2014
P145502,2014
P145861,2014
P145965,2014
P145545,2014
P145709,2014
P147006,2014
P147514,2014
P146075,2014
P143979,2014
P147659,2014
P119308,2014
P127764,2014
P128378,2014
P132652,2014
P144489,2014
P145938,2014
P145578,2014
P145848,2014
P145101,2014
P145747,2014
P147919,2014
P147924,2014
P147241,2014
P146015,2014
P146877,2014
P146332,2014
P146696,2014
P145741,2014
P145174,2014
P144140,2014
P146653,2014
P127815,2014
P132753,2014
P133410,2014
P144762,2014
P146500,2014
P146700,2014
P146799,2014
P148593,2014
P146880,2014
P144754,2014
P147978,2014
P146816,2014
P148009,2014
P146597,2014
P146845,2014
P146630,2014
P145439,2014
P145971,2014
P145399,2014
P129572,2014
P146161,2014
P146493,2014
P143362,2014
P144263,2014
P146271,2014
P145323,2014
P146938,2014
P147231,2014
P147509,2014
P117341,2014
P122229,2014
P128072,2014
P130014,2014
P129961,2014
P133352,2014
P131305,2014
P145359,2014
P132234,2014
P145040,2014
P143408,2014
P145778,2014
P130891,2014
P143996,2014
P144447,2014
P144933,2014
P146143,2014
P147157,2014
P145799,2014
P145261,2014
P118213,2014
P110477,2014
P114827,2014
P125120,2014
P126974,2014
P127226,2014
P128048,2014
P125590,2014
P130164,2014
P132741,2014
P133592,2014
P143650,2014
P144715,2014
P143274,2014
P145361,2014
P145241,2014
P145554,2014
P143302,2014
P143588,2014
P145544,2014
P144522,2014
P145792,2014
P147890,2014
P146006,2014
P147876,2014
P146248,2014
P146318,2014
P145586,2014
P145865,2014
P145529,2014
P145196,2014
P145534,2014
P144442,2014
P130389,2014
P129516,2014
P144674,2014
P145932,2014
P143993,2014
P145310,2014
P145664,2014
P146746,2014
P144435,2014
P147543,2014
P146402,2014
P146413,2014
P146065,2014
P128392,2014
P147074,2014
P146768,2014
P146255,2014
P145649,2014
P145117,2014
P147508,2014
P101525,2014
P117318,2014
P118826,2014
P118904,2014
P123994,2014
P127033,2014
P129267,2014
P129791,2014
P129920,2014
P131864,2014
P132173,2014
P143988,2014
P145139,2014
P129828,2014
P132119,2014
P143064,2014
P144871,2014
P132490,2014
P133318,2014
P131709,2014
P133620,2014
P143921,2014
P131235,2014
P145335,2014
P146312,2014
P145491,2014
P144305,2014
P102733,2014
P113794,2014
P123513,2014
P123960,2014
P124018,2014
P126902,2014
P121507,2014
P125597,2014
P126735,2014
P127867,2014
P125024,2014
P122826,2014
P127775,2014
P129401,2014
P131825,2014
P131973,2014
P133114,2014
P127676,2014
P120304,2014
P130840,2014
P143914,2014
P131659,2014
P143036,2014
P143197,2014
P143801,2014
P143844,2014
P131550,2014
P133079,2014
P133531,2014
P143849,2014
P133338,2014
P133828,2014
P133610,2014
P132505,2014
P133590,2014
P133424,2014
P131084,2014
P144438,2014
P147607,2014
P132381,2014
P144270,2014
P133591,2014
P147833,2014
P133597,2014
P145317,2014
P146194,2014
P146250,2014
P143580,2014
P145231,2014
P143596,2014
P144892,2014
P133705,2014
P130182,2014
P130271,2014
P144928,2014
P144575,2014
P133380,2014
P145749,2014
P146021,2014
P145627,2014
P146003,2014
P107940,2014
P116230,2014
P124615,2014
P126325,2014
P127209,2014
P129563,2014
P129770,2014
P127463,2014
P131660,2014
P125496,2014
P130276,2014
P144952,2014
P131765,2014
P133021,2014
P143605,2014
P083813,2014
P112613,2014
P075941,2014
P122812,2014
P123933,2014
P122998,2014
P124942,2014
P121185,2014
P125509,2014
P120583,2014
P120207,2014
P127086,2014
P123112,2014
P123879,2014
P125232,2014
P126596,2014
P129156,2014
P128831,2014
P130548,2014
P129600,2014
P124908,2014
P127966,2014
P126498,2014
P132750,2014
P127813,2014
P123961,2014
P129539,2014
P129472,2014
P128393,2014
P129647,2014
P132616,2014
P143843,2014
P132157,2014
P128768,2014
P131426,2014
P126130,2014
P132667,2014
P129397,2014
P131118,2014
P129992,2014
P131323,2014
P143055,2014
P130682,2014
P129408,2014
P145782,2014
P145057,2014
P132386,2014
P132277,2014
P143652,2014
P133731,2014
P115761,2014
P125506,2014
P131290,2014
P121648,2014
P124625,2014
P125018,2014
P126361,2014
P122700,2014
P124015,2014
P128628,2014
P125804,2014
P127741,2014
P130888,2014
P132270,2014
P127241,2014
P173939,2020
P173867,2020
P174089,2020
P172426,2020
P173415,2020
P173126,2020
P172631,2020
P171489,2020
P173799,2020
P171967,2020
P173815,2020
P167786,2020
P171877,2020
P174228,2020
P172735,2020
P173872,2020
P173950,2020
P173845,2020
P173843,2020
P170305,2020
P174032,2020
P173861,2020
P172462,2020
P171030,2020
P174178,2020
P171862,2020
P173783,2020
P173767,2020
P174075,2020
P171821,2020
P173809,2020
P173834,2020
P169165,2020
P170585,2020
P174096,2020
P170327,2020
P168414,2020
P173104,2020
P173857,2020
P173819,2020
P173944,2020
P173920,2020
P169463,2020
P173281,2020
P171086,2020
P171934,2020
P174247,2020
P171172,2020
P172381,2020
P172014,2020
P173527,2020
P172630,2020
P167992,2020
P173876,2020
P163328,2020
P165742,2020
P170730,2020
P163353,2020
P170996,2020
P161706,2020
P172339,2020
P171779,2020
P168777,2020
P170910,2020
P168590,2020
P168779,2020
P171827,2020
P174291,2020
P164382,2020
P170670,2020
P171321,2020
P173851,2020
P166936,2020
P168122,2020
P167916,2020
P174242,2020
P166526,2020
P173776,2020
P173788,2020
P173916,2020
P170688,2020
P171681,2020
P169161,2020
P173858,2020
P170532,2020
P169265,2020
P168153,2020
P173892,2020
P173974,2020
P167047,2020
P170466,2020
P173881,2020
P170850,2020
P167184,2020
P171766,2020
P169405,2020
P166695,2020
P168147,2020
P166059,2020
P159292,2020
P173883,2020
P163545,2020
P168951,2020
P173812,2020
P169332,2020
P169134,2020
P173750,2020
P173816,2020
P173820,2020
P173894,2020
P173804,2020
P173927,2020
P173846,2020
P170185,2020
P173911,2020
P169996,2020
P167790,2020
P170658,2020
P173912,2020
P170358,2020
P173702,2020
P170565,2020
P171316,2020
P167247,2020
P168640,2020
P171448,2020
P170454,2020
P167843,2020
P173818,2020
P170874,2020
P170513,2020
P173839,2020
P168475,2020
P167572,2020
P173817,2020
P173902,2020
P167421,2020
P172341,2020
P162762,2020
P171377,2020
P169435,2020
P169107,2020
P169959,2020
P173315,2020
P174077,2020
P172399,2020
P168142,2020
P170329,2020
P173081,2020
P170676,2020
P167183,2020
P173746,2020
P170283,2020
P174065,2020
P173731,2020
P171791,2020
P170740,2020
P172051,2020
P170445,2020
P164031,2020
P170810,2020
P174116,2020
P168211,2020
P173091,2020
P170480,2020
P173997,2020
P174170,2020
P170951,2020
P172761,2020
P173787,2020
P169912,2020
P173806,2020
P168620,2020
P173228,2020
P169082,2020
P173801,2020
P173836,2020
P169196,2020
P173807,2020
P173855,2020
P173989,2020
P165314,2020
P171965,2020
P167767,2020
P167432,2020
P170928,2020
P173803,2020
P166853,2020
P172109,2020
P169908,2020
P173775,2020
P169272,2020
P170001,2020
P171224,2020
P171248,2020
P169497,2020
P173854,2020
P159735,2020
P173984,2020
P174046,2020
P172812,2020
P155203,2020
P149990,2020
P158372,2020
P169919,2020
P157245,2020
P158079,2020
P165821,2020
P162278,2020
P167478,2020
P166539,2020
P162151,2020
P165485,2020
P172351,2020
P171197,2020
P165983,2020
P163980,2020
P170788,2020
P162599,2020
P168582,2020
P168666,2020
P173161,2020
P168061,2020
P171409,2020
P168564,2020
P164354,2020
P172604,2020
P171796,2020
P161477,2020
P172140,2020
P173261,2020
P170945,2020
P169143,2020
P172724,2020
P166071,2020
P164932,2020
P167455,2020
P160696,2020
P161923,2020
P166039,2020
P170130,2020
P168940,2020
P162042,2020
P157929,2020
P167757,2020
P174312,2020
P166744,2020
P166697,2020
P171646,2020
P167974,2020
P168539,2020
P167601,2020
P162263,2020
P164047,2020
P166420,2020
P164129,2020
P168185,2020
P161086,2020
P173773,2020
P168310,2020
P164448,2020
P166656,2020
P173903,2020
P163533,2020
P164435,2020
P169150,2020
P163389,2020
P171125,2020
P165000,2020
P161432,2020
P165542,2020
P167945,2020
P166865,2020
P173972,2020
P165557,2020
P167382,2020
P165838,2020
P161227,2020
P169629,2020
P167634,2020
P166165,2020
P166279,2020
P167860,2020
P169198,2020
P167897,2020
P164389,2020
P170267,2020
P172543,2020
P169357,2020
P171700,2020
P172294,2020
P170860,2020
P171250,2020
P162938,2020
P166013,2020
P171426,2020
P163836,2020
P172731,2020
P167156,2020
P170718,2020
P167328,2020
P172668,2020
P163610,2020
P166308,2020
P166309,2020
P164961,2020
P167817,2020
P165129,2020
P169594,2020
P166187,2020
P173757,2020
P171361,2020
P165651,2020
P171088,2020
P169677,2020
P173880,2020
P167428,2020
P163957,2020
P169927,2020
P170595,2020
P169064,2020
P169111,2020
P169641,2020
P165873,2020
P166222,2020
P165253,2020
P169779,2020
P171040,2020
P169274,2020
P166447,2020
P164967,2020
P171331,2020
P160208,2020
P168132,2020
P171528,2020
P169901,2020
P165861,2020
P164001,2020
P163711,2020
P171054,2020
P173108,2020
P165235,2020
P166100,2020
P168014,2020
P169140,2020
P163989,2020
P173887,2020
P173838,2020
P173825,2020
P170922,2020
P173945,2020
P170409,2020
P173766,2020
P166239,2020
P173998,2020
P169880,2020
P173862,2020
P173796,2020
P173988,2020
P170907,2020
P168551,2020
P170542,2020
P172951,2020
P162679,2020
P171346,2020
P173813,2020
P167901,2020
P167350,2020
P167826,2020
P164785,2020
P172342,2020
P169758,2020
P171269,2020
P165055,2020
P170132,2020
P167588,2020
P169975,2020
P172352,2020
P173837,2020
P173125,2020
P170682,2020
P173811,2020
P173798,2020
P169194,2020
P173832,2020
P173877,2020
P174014,2020
P169168,2020
P171160,2020
P165945,2020
P166868,2020
P173765,2020
P171777,2020
P166996,2020
P173805,2020
P174219,2020
P170563,2020
P167804,2020
P173994,2020
P169866,2020
P168233,2020
P173827,2020
P171648,2020
P170343,2020
P171611,2020
P168308,2020
P170669,2020
P169315,2020
P171093,2020
P171633,2020
P169479,2020
P171114,2020
P173760,2020
P151075,2020
P165310,2020
P171380,2020
P167830,2020
P172787,2020
P170476,2020
P168576,2020
P172578,2020
P173800,2020
P162949,2020
P168739,2020
P172571,2020
P171063,2020
P157827,2020
P168295,2020
P171066,2020
P166405,2020
P162783,2020
P170644,2020
P160277,2020
P172392,2020
P172619,2020
P171375,2020
P169428,2020
P163004,2020
P150166,2020
P168025,2020
P167958,2020
P171659,2020
P172176,2020
P162493,2020
P169599,2020
P173828,2020
P154990,2015
P147839,2015
P156334,2015
P147008,2015
P154840,2015
P153429,2015
P130378,2015
P154047,2015
P146334,2015
P147521,2015
P151777,2015
P154660,2015
P154304,2015
P144497,2015
P149606,2015
P149992,2015
P148183,2015
P152570,2015
P155150,2015
P150974,2015
P154586,2015
P155039,2015
P151151,2015
P154188,2015
P153514,2015
P146876,2015
P152934,2015
P151440,2015
P150754,2015
P154839,2015
P155828,2015
P148585,2015
P124806,2015
P152066,2015
P132979,2015
P148552,2015
P154007,2015
P155256,2015
P153889,2015
P152150,2015
P154238,2015
P149969,2015
P149941,2015
P150875,2015
P151568,2015
P152449,2015
P150856,2015
P152705,2015
P152938,2015
P151766,2015
P155616,2015
P150472,2015
P151984,2015
P150873,2015
P131734,2015
P149801,2015
P151209,2015
P150892,2015
P146636,2015
P152636,2015
P154803,2015
P154149,2015
P154036,2015
P146059,2015
P131655,2015
P154376,2015
P154411,2015
P152024,2015
P150080,2015
P151451,2015
P147629,2015
P148591,2015
P150402,2015
P147638,2015
P148238,2015
P150158,2015
P149960,2015
P151780,2015
P150395,2015
P145566,2015
P144818,2015
P133045,2015
P147967,2015
P154012,2015
P147878,2015
P148366,2015
P153975,2015
P148586,2015
P148681,2015
P154601,2015
P155443,2015
P151660,2015
P154102,2015
P145419,2015
P154549,2015
P153709,2015
P145410,2015
P151032,2015
P148125,2015
P149259,2015
P153466,2015
P153401,2015
P150129,2015
P150956,2015
P153124,2015
P150842,2015
P152567,2015
P150651,2015
P150177,2015
P124655,2015
P144966,2015
P146477,2015
P151978,2015
P152210,2015
P151673,2015
P153211,2015
P152898,2015
P153085,2015
P154875,2015
P132570,2015
P149282,2015
P151215,2015
P151923,2015
P152658,2015
P153301,2015
P154846,2015
P152806,2015
P153732,2015
P152736,2015
P147674,2015
P149526,2015
P151927,2015
P148836,2015
P145813,2015
P150993,2015
P148853,2015
P145037,2015
P144893,2015
P131324,2015
P148970,2015
P145699,2015
P149553,2015
P149493,2015
P151318,2015
P148062,2015
P131327,2015
P132029,2015
P123940,2015
P151760,2015
P132597,2015
P130593,2015
P151844,2015
P145732,2015
P149621,2015
P155257,2015
P148259,2015
P150743,2015
P133287,2015
P146966,2015
P154327,2015
P151124,2015
P148617,2015
P152801,2015
P148102,2015
P151220,2015
P152266,2015
P152586,2015
P120899,2015
P152122,2015
P154729,2015
P152980,2015
P150669,2015
P152415,2015
P147861,2015
P152523,2015
P153113,2015
P149556,2015
P143184,2015
P147456,2015
P153030,2015
P149444,2015
P153958,2015
P153987,2015
P150872,2015
P145104,2015
P143492,2015
P150877,2015
P143546,2015
P144139,2015
P144029,2015
P146520,2015
P147758,2015
P152925,2015
P149069,2015
P150481,2015
P150827,2015
P150123,2015
P155794,2015
P152018,2015
P150394,2015
P150595,2015
P150908,2015
P147010,2015
P150938,2015
P122540,2015
P150876,2015
P150520,2015
P147185,2015
P147212,2015
P151439,2015
P150064,2015
P146583,2015
P144856,2015
P150183,2015
P150108,2015
P146688,2015
P151425,2015
P148017,2015
P152568,2015
P147555,2015
P150934,2015
P152903,2015
P146970,2015
P152039,2015
P149091,2015
P151816,2015
P149233,2015
P153167,2015
P146464,2015
P147827,2015
P147050,2015
P148850,2015
P146994,2015
P128412,2015
P128921,2015
P132424,2015
P144102,2015
P149189,2015
P155542,2015
P146602,2015
P148733,2015
P149464,2015
P155969,2015
P150342,2015
P147378,2015
P146859,2015
P151946,2015
P152411,2015
P149670,2015
P150006,2015
P146591,2015
P130592,2015
P149286,2015
P132408,2015
P122406,2015
P128968,2015
P143842,2015
P145171,2015
P132123,2015
P144103,2015
P143417,2015
P145634,2015
P145162,2015
P145617,2015
P133261,2015
P147367,2015
P148023,2015
P144531,2015
P128654,2015
P143751,2015
P144874,2015
P144454,2015
P147183,2015
P117449,2015
P145533,2015
P147760,2015
P132620,2015
P150351,2015
P146328,2015
P153973,2015
P148471,2015
P148474,2015
P148809,2015
P154847,2015
P149130,2015
P149605,2015
P147745,2015
P149965,2015
P147005,2015
P106013,2015
P114294,2015
P120414,2015
P126997,2015
P122139,2015
P133018,2015
P128919,2015
P128307,2015
P132873,2015
P131464,2015
P145237,2015
P143689,2015
P131408,2015
P131965,2015
P133017,2015
P146199,2015
P144994,2015
P128344,2015
P143594,2015
P132317,2015
P145585,2015
P149714,2015
P146883,2015
P147486,2015
P154576,2015
P148048,2015
P132982,2015
P144271,2015
P148927,2015
P130637,2015
P147213,2015
P144254,2015
P146830,2015
P133195,2015
P150058,2015
P147705,2015
P151916,2015
P148013,2015
P148114,2015
P151447,2015
P147087,2015
P152358,2015
P145391,2015
P133446,2015
P152359,2015
P149677,2015
P145621,2015
P132418,2015
P148428,2015
P132621,2015
P147740,2015
P146451,2015
P150430,2015
P144688,2015
P147499,2015
P151544,2015
P149959,2015
P150028,2015
P151993,2015
P133326,2015
P144700,2015
P150929,2015
P146344,2015
P146474,2015
P133288,2015
P148619,2015
P143332,2015
P145185,2015
P149307,2015
P146515,2015
P152136,2015
P149599,2015
P127338,2015
P130871,2015
P143608,2015
P148291,2015
P133780,2015
P133449,2015
P131850,2015
P149697,2015
P132739,2015
P145055,2015
P149858,2015
P149095,2015
P149176,2015
P106685,2015
P113971,2015
P116455,2015
P130193,2015
P149942,2015
P123134,2015
P126832,2015
P120014,2015
P130474,2015
P119343,2015
P132443,2015
P129640,2015
P126507,2015
P133117,2015
P130492,2015
P126661,2015
P133000,2015
P126773,2015
P125184,2015
P133116,2015
P132405,2015
P128904,2015
P131592,2015
P132775,2015
P133069,2015
P131558,2015
P150874,2015
P132846,2015
P152646,2015
P146294,2015
P133070,2015
P146319,2015
P146797,2015
P129555,2015
P133129,2015
P147483,2015
P132821,2015
P146007,2015
P133312,2015
P132623,2015
P143376,2015
P146123,2015
P145309,2015
P150381,2015
P145618,2015
P145559,2015
P146482,2015
P151754,2015
P144573,2015
P151680,2015
P132665,2015
P147665,2015
P148886,2015
P151934,2015
P131256,2015
P133193,2015
P144726,2015
P145234,2015
P133456,2015
P149993,2015
P127978,2015
P146788,2015
P164277,2018
P167201,2018
P165585,2018
P165400,2018
P167672,2018
P158137,2018
P163856,2018
P252350,2018
P163131,2018
P161368,2018
P161163,2018
P154482,2018
P163140,2018
P158078,2018
P163060,2018
P160846,2018
P163358,2018
P157206,2018
P164783,2018
P160641,2018
P166274,2018
P162485,2018
P164295,2018
P157809,2018
P166327,2018
P162245,2018
P166648,2018
P162033,2018
P160758,2018
P153115,2018
P163541,2018
P163531,2018
P161329,2018
P160796,2018
P166004,2018
P165286,2018
P164445,2018
P166328,2018
P162397,2018
P162182,2018
P164830,2018
P163976,2018
P165716,2018
P163752,2018
P166177,2018
P163895,2018
P161588,2018
P160152,2018
P165442,2018
P156657,2018
P165085,2018
P163467,2018
P163258,2018
P166745,2018
P164322,2018
P160103,2018
P164318,2018
P161982,2018
P162067,2018
P166720,2018
P164429,2018
P166734,2018
P164019,2018
P164827,2018
P165121,2018
P166469,2018
P165249,2018
P163949,2018
P166025,2018
P164468,2018
P164728,2018
P163945,2018
P164803,2018
P162525,2018
P164954,2018
P165493,2018
P162089,2018
P166319,2018
P162621,2018
P166158,2018
P165114,2018
P163267,2018
P162850,2018
P162345,2018
P158119,2018
P154987,2018
P163719,2018
P160418,2018
P162248,2018
P155859,2018
P161770,2018
P157097,2018
P158298,2018
P162971,2018
P151909,2018
P158622,2018
P162924,2018
P158760,2018
P162044,2018
P161757,2018
P163172,2018
P154621,2018
P159544,2018
P164345,2018
P162737,2018
P160331,2018
P158146,2018
P159870,2018
P158570,2018
P156837,2018
P158138,2018
P160948,2018
P158713,2018
P156880,2018
P160910,2018
P159712,2018
P157575,2018
P157836,2018
P159382,2018
P160377,2018
P160395,2018
P160442,2018
P159052,2018
P164082,2018
P161234,2018
P163033,2018
P161387,2018
P157079,2018
P155060,2018
P165711,2018
P162956,2018
P163868,2018
P163050,2018
P163029,2018
P160009,2018
P162792,2018
P156972,2018
P163486,2018
P160230,2018
P163609,2018
P161915,2018
P159835,2018
P162904,2018
P157585,2018
P164145,2018
P164262,2018
P156210,2018
P158364,2018
P158810,2018
P160848,2018
P161320,2018
P158717,2018
P157987,2018
P159697,2018
P163568,2018
P161317,2018
P166538,2018
P163018,2018
P165388,2018
P163431,2018
P160933,2018
P163563,2018
P160926,2018
P163239,2018
P162908,2018
P162196,2018
P164660,2018
P164845,2018
P163437,2018
P164186,2018
P160943,2018
P160083,2018
P163732,2018
P166537,2018
P163225,2018
P163452,2018
P163954,2018
P162094,2018
P161364,2018
P161590,2018
P164424,2018
P165509,2018
P164686,2018
P164894,2018
P163108,2018
P163538,2018
P163924,2018
P164453,2018
P159447,2018
P158756,2018
P163312,2018
P165551,2018
P167000,2018
P161836,2018
P164441,2018
P155081,2018
P158092,2018
P162537,2018
P164466,2018
P158499,2018
P161060,2018
P163721,2018
P164152,2018
P163760,2018
P162727,2018
P161683,2018
P164093,2018
P163582,2018
P158003,2018
P161538,2018
P161703,2018
P160941,2018
P163490,2018
P163207,2018
P162117,2018
P165247,2018
P162079,2018
P164226,2018
P163525,2018
P163958,2018
P165467,2018
P163800,2018
P160105,2018
P163677,2018
P165054,2018
P163593,2018
P160771,2018
P162789,2018
P161944,2018
P161515,2018
P167043,2018
P163153,2018
P165402,2018
P163444,2018
P164288,2018
P162619,2018
P162786,2018
P163575,2018
P163115,2018
P158000,2018
P151604,2018
P145468,2018
P156507,2018
P164033,2018
P161265,2018
P159337,2018
P155034,2018
P156894,2018
P165831,2018
P162032,2018
P162422,2018
P162893,2018
P162455,2018
P158576,2018
P163138,2018
P159655,2018
P164257,2018
P164190,2018
P163438,2018
P161670,2018
P163901,2018
P152322,2018
P161876,2018
P163181,2018
P163756,2018
P166075,2018
P159653,2018
P152307,2018
P154525,2018
P149995,2018
P146936,2018
P151072,2018
P157507,2018
P161473,2018
P150523,2018
P151155,2018
P153814,2018
P154716,2018
P156869,2018
P155617,2018
P155642,2018
P157054,2018
P147158,2018
P160977,2018
P156125,2018
P159577,2018
P158231,2018
P160245,2018
P159976,2018
P160224,2018
P158249,2018
P157702,2018
P162009,2018
P157736,2018
P163592,2018
P162129,2018
P161122,2018
P155229,2018
P163515,2018
P165684,2018
P161973,2018
P165488,2018
P156777,2018
P161373,2018
P158805,2018
P161491,2018
P161658,2018
P162337,2018
P160930,2018
P162069,2018
P162095,2018
P159974,2018
P160819,2018
P163794,2018
P160162,2018
P162890,2018
P158522,2018
P160114,2018
P159979,2018
P160408,2018
P162123,2018
P162316,2018
P160613,2018
P157599,2018
P160505,2018
P162849,2018
P163015,2018
P159756,2018
P163540,2018
P160719,2018
P162297,2018
P164452,2018
P161885,2018
P160703,2018
P161989,2018
P162407,2018
P163250,2018
P164029,2018
P156797,2018
P163226,2018
P162475,2018
P163532,2018
P162659,2018
P161600,2018
P158346,2018
P163714,2018
P163782,2018
P165943,2018
P162635,2018
P163157,2018
P161969,2018
P160504,2018
P162446,2018
P163829,2018
P163730,2018
P163345,2018
P165558,2018
P164661,2018
P164431,2018
P162742,2018
P163576,2018
P133803,2018
P148600,2018
P154351,2018
P163218,2018
P156719,2018
P155148,2018
P160674,2018
P164412,2018
P159258,2018
P165120,2018
P160615,2018
P158769,2018
P164175,2018
P163245,2018
P160778,2018
P160680,2018
P153986,2018
P152276,2018
P146206,2018
P148537,2018
P158585,2018
P152285,2018
P147009,2018
P149743,2018
P158768,2018
P146330,2018
P161348,2018
P163777,2018
P163187,2018
P162646,2018
P159476,2018
P159692,2018
P163962,2018
P163612,2018
P162202,2018
P164301,2018
P161241,2018
P155963,2016
P158380,2016
P157484,2016
P157976,2016
P157598,2016
P156884,2016
P155759,2016
P156400,2016
P150576,2016
P153781,2016
P154577,2016
P153544,2016
P155658,2016
P156721,2016
P158557,2016
P155510,2016
P157111,2016
P156679,2016
P156019,2016
P157963,2016
P152910,2016
P156879,2016
P157997,2016
P155846,2016
P155305,2016
P157427,2016
P155373,2016
P154111,2016
P152551,2016
P155689,2016
P154911,2016
P155543,2016
P153721,2016
P155123,2016
P153425,2016
P158448,2016
P155751,2016
P158649,2016
P156505,2016
P157324,2016
P152936,2016
P149322,2016
P155350,2016
P152309,2016
P156021,2016
P151432,2016
P152822,2016
P150634,2016
P155293,2016
P156001,2016
P151488,2016
P151744,2016
P155007,2016
P155086,2016
P157291,2016
P159576,2016
P156455,2016
P154413,2016
P151831,2016
P157034,2016
P155947,2016
P151847,2016
P150632,2016
P155316,2016
P155392,2016
P158535,2016
P157392,2016
P154259,2016
P158980,2016
P158770,2016
P153665,2016
P158696,2016
P156236,2016
P156129,2016
P159307,2016
P157438,2016
P151424,2016
P152379,2016
P157890,2016
P157779,2016
P154780,2016
P155563,2016
P151031,2016
P159725,2016
P151554,2016
P154479,2016
P150738,2016
P154844,2016
P157778,2016
P158235,2016
P159191,2016
P153864,2016
P151492,2016
P152797,2016
P153268,2016
P158799,2016
P154862,2016
P157923,2016
P151416,2016
P156363,2016
P157691,2016
P154495,2016
P157490,2016
P152394,2016
P149872,2016
P153404,2016
P152512,2016
P158315,2016
P154511,2016
P152799,2016
P154280,2016
P149955,2016
P152810,2016
P150327,2016
P154807,2016
P150572,2016
P152625,2016
P145686,2016
P152851,2016
P154255,2016
P155110,2016
P152892,2016
P154278,2016
P158239,2016
P157761,2016
P157919,2016
P154854,2016
P158654,2016
P151070,2016
P151806,2016
P153078,2016
P157966,2016
P153104,2016
P157595,2016
P151838,2016
P152709,2016
P158005,2016
P152623,2016
P153493,2016
P155226,2016
P149669,2016
P156678,2016
P154454,2016
P152870,2016
P153381,2016
P154680,2016
P152569,2016
P156484,2016
P156917,2016
P152525,2016
P156746,2016
P155260,2016
P157303,2016
P153179,2016
P152377,2016
P157282,2016
P157465,2016
P157977,2016
P155266,2016
P153836,2016
P158299,2016
P154127,2016
P154412,2016
P155594,2016
P157241,2016
P156377,2016
P155268,2016
P159240,2016
P156421,2016
P154114,2016
P149971,2016
P155978,2016
P145048,2016
P154440,2016
P148647,2016
P145610,2016
P152659,2016
P155976,2016
P157035,2016
P156422,2016
P154669,2016
P150116,2016
P154219,2016
P154573,2016
P155172,2016
P155363,2016
P149718,2016
P152130,2016
P151785,2016
P154672,2016
P155829,2016
P153420,2016
P150148,2016
P154541,2016
P157797,2016
P149377,2016
P148523,2016
P157958,2016
P154978,2016
P154805,2016
P149683,2016
P160022,2016
P151363,2016
P150066,2016
P150060,2016
P154112,2016
P150930,2016
P150357,2016
P148294,2016
P153702,2016
P148447,2016
P155732,2016
P151469,2016
P149620,2016
P149653,2016
P152460,2016
P150220,2016
P151963,2016
P152441,2016
P151819,2016
P153437,2016
P149117,2016
P156774,2016
P158791,2016
P154401,2016
P154880,2016
P156902,2016
P153743,2016
P158875,2016
P156242,2016
P158633,2016
P157899,2016
P150505,2016
P146870,2016
P155389,2016
P151443,2016
P151752,2016
P154431,2016
P153111,2016
P151185,2016
P152914,2016
P152975,2016
P156018,2016
P158265,2016
P148839,2016
P157898,2016
P155163,2016
P155649,2016
P155374,2016
P143334,2016
P146184,2016
P151972,2016
P147381,2016
P153497,2016
P146997,2016
P151433,2016
P132308,2016
P157861,2016
P152398,2016
P149049,2016
P151869,2016
P148599,2016
P152670,2016
P152653,2016
P153713,2016
P151102,2016
P155961,2016
P155121,2016
P146827,2016
P152319,2016
P154524,2016
P156257,2016
P153863,2016
P156559,2016
P153277,2016
P155224,2016
P128965,2016
P156557,2016
P152241,2016
P146804,2016
P148071,2016
P146933,2016
P155096,2016
P146085,2016
P152821,2016
P151058,2016
P150374,2016
P132824,2016
P146247,2016
P158091,2016
P153487,2016
P151059,2016
P152230,2016
P144597,2016
P156124,2016
P148349,2016
P151746,2016
P153338,2016
P148435,2016
P149434,2016
P157571,2016
P152104,2016
P152932,2016
P154263,2016
P152096,2016
P154694,2016
P154403,2016
P147280,2016
P146152,2016
P151712,2016
P149952,2016
P149953,2016
P149323,2016
P150696,2016
P153064,2016
P156225,2016
P148737,2016
P125728,2016
P147646,2016
P129633,2016
P129342,2016
P151832,2016
P132562,2016
P132944,2016
P152805,2016
P149129,2016
P148129,2016
P148127,2016
P150922,2016
P144269,2016
P132754,2016
P154861,2016
P149182,2016
P151089,2016
P153251,2016
P153679,2016
P158379,2016
P127725,2016
P132216,2016
P122383,2016
P130544,2016
P146666,2016
P131228,2016
P144183,2016
P127974,2016
P143185,2016
P127734,2016
P145765,2016
P130115,2016
P128516,2016
P152016,2016
P130710,2016
P146160,2016
P147460,2016
P145897,2016
P131778,2016
P153744,2016
P133305,2016
P148527,2016
P144637,2016
P132833,2016
P147014,2016
P148181,2016
P150844,2016
P144539,2016
P143307,2016
P149005,2016
P147277,2016
P150631,2016
P152023,2016
P148499,2016
P150494,2016
P132515,2016
P158783,2016
P146831,2016
P145347,2016
P152693,2016
P151462,2016
P149277,2016
P151077,2016
P147258,2016
P154464,2016
P151979,2016
P146502,2016
P147272,2016
P155097,2016
P154523,2016
P128012,2016
P149913,2016
P151442,2016
P154904,2016
P154561,2016
P144135,2016
P148896,2016
P151083,2016
P146965,2016
P166390,2019
P169158,2019
P169156,2019
P170384,2019
P167195,2019
P169279,2019
P168250,2019
P166133,2019
P159520,2019
P166737,2019
P166206,2019
P166211,2019
P166943,2019
P166143,2019
P170529,2019
P167065,2019
P165412,2019
P162623,2019
P164211,2019
P165973,2019
P167583,2019
P168232,2019
P165649,2019
P167623,2019
P165507,2019
P169125,2019
P170552,2019
P168956,2019
P170397,2019
P167851,2019
P167661,2019
P162354,2019
P168314,2019
P166730,2019
P163264,2019
P170502,2019
P167870,2019
P167224,2019
P160339,2019
P166907,2019
P169031,2019
P167914,2019
P167881,2019
P167152,2019
P169252,2019
P167675,2019
P167886,2019
P166719,2019
P167532,2019
P168266,2019
P160320,2019
P168274,2019
P165183,2019
P162454,2019
P157043,2019
P164164,2019
P164551,2019
P157734,2019
P160427,2019
P160708,2019
P158418,2019
P164654,2019
P161539,2019
P160295,2019
P161238,2019
P158733,2019
P162580,2019
P163088,2019
P167898,2019
P170612,2019
P162246,2019
P158864,2019
P163870,2019
P160829,2019
P159378,2019
P162302,2019
P162043,2019
P167988,2019
P168911,2019
P167114,2019
P167597,2019
P166783,2019
P166307,2019
P157141,2019
P164543,2019
P164326,2019
P167534,2019
P162901,2019
P164297,2019
P163742,2019
P160642,2019
P164555,2019
P164078,2019
P168180,2019
P164602,2019
P168385,2019
P164747,2019
P166796,2019
P166220,2019
P166302,2019
P164130,2019
P168120,2019
P165147,2019
P166732,2019
P167598,2019
P164486,2019
P167347,2019
P164824,2019
P166063,2019
P166437,2019
P161777,2019
P168734,2019
P163305,2019
P166107,2019
P163818,2019
P167702,2019
P169514,2019
P166622,2019
P164302,2019
P165855,2019
P164451,2019
P167401,2019
P157231,2019
P162594,2019
P169117,2019
P164780,2019
P167619,2019
P168425,2019
P165034,2019
P165267,2019
P166305,2019
P166295,2019
P167352,2019
P162637,2019
P167884,2019
P164498,2019
P164696,2019
P170469,2019
P167996,2019
P168730,2019
P164786,2019
P167357,2019
P162886,2019
P165062,2019
P168549,2019
P161304,2019
P168052,2019
P164771,2019
P163691,2019
P165064,2019
P164546,2019
P166266,2019
P165463,2019
P169722,2019
P166597,2019
P166974,2019
P165346,2019
P166601,2019
P166591,2019
P167351,2019
P164058,2019
P164564,2019
P161332,2019
P167396,2019
P166576,2019
P165501,2019
P169403,2019
P162299,2019
P167815,2019
P169753,2019
P168544,2019
P164090,2019
P168731,2019
P166935,2019
P168273,2019
P160552,2019
P152232,2019
P165497,2019
P164520,2019
P161382,2019
P164319,2019
P166602,2019
P164938,2019
P156397,2019
P165411,2019
P167726,2019
P167166,2019
P167216,2019
P169538,2019
P165655,2019
P166983,2019
P163969,2019
P166127,2019
P164356,2019
P164443,2019
P166978,2019
P169486,2019
P164603,2019
P163845,2019
P167339,2019
P164410,2019
P164294,2019
P152057,2019
P154943,2019
P151169,2019
P164524,2019
P163679,2019
P164283,2019
P164953,2019
P158215,2019
P157715,2019
P161541,2019
P160463,2019
P164813,2019
P167363,2019
P160182,2019
P161402,2019
P161772,2019
P160661,2019
P166800,2019
P160005,2019
P163745,2019
P163383,2019
P161246,2019
P165397,2019
P167359,2019
P166540,2019
P160678,2019
P162835,2019
P166813,2019
P160806,2019
P162675,2019
P166316,2019
P162565,2019
P164223,2019
P163645,2019
P166413,2019
P164101,2019
P161842,2019
P162902,2019
P164909,2019
P161540,2019
P164561,2019
P165218,2019
P167381,2019
P162929,2019
P164353,2019
P160945,2019
P165313,2019
P161928,2019
P161996,2019
P162149,2019
P167368,2019
P162933,2019
P166170,2019
P165737,2019
P164941,2019
P163881,2019
P163399,2019
P163876,2019
P163255,2019
P165534,2019
P160379,2019
P162086,2019
P164331,2019
P164584,2019
P165477,2019
P158502,2019
P163922,2019
P161869,2019
P166373,2019
P165872,2019
P161929,2019
P164188,2019
P167380,2019
P166578,2019
P167512,2019
P163723,2019
P165300,2019
P158124,2019
P164225,2019
P165344,2019
P162833,2019
P164529,2019
P164748,2019
P162166,2019
P166763,2019
P164665,2019
P164563,2019
P164509,2019
P161787,2019
P169051,2019
P165543,2019
P160672,2019
P165453,2019
P167959,2019
P166042,2019
P163474,2019
P165683,2019
P164330,2019
P164242,2019
P161568,2019
P164293,2019
P165695,2019
P161283,2019
P165870,2019
P162349,2019
P163260,2019
P167523,2019
P159395,2019
P168119,2019
P163984,2019
P165581,2019
P165228,2019
P164536,2019
P162607,2019
P167681,2019
P166324,2019
P164044,2019
P168481,2019
P164764,2019
P164336,2019
P167762,2019
P163673,2019
P164807,2019
P159220,2019
P168115,2019
P164704,2019
P168076,2019
P157683,2019
P163562,2019
P161386,2019
P167491,2019
P164052,2019
P167416,2019
P166802,2019
P168326,2019
P166923,2019
P163734,2019
P164885,2019
P167581,2019
P166941,2019
P163896,2019
P164901,2019
P164762,2019
P165782,2019
P168290,2019
P167678,2019
P167794,2019
P165982,2019
P161406,2019
P168756,2019
P165405,2019
P167260,2019
P166977,2019
P163023,2019
P169637,2019
P163624,2019
P149239,2019
P168248,2019
P159883,2019
P164625,2019
P161713,2019
P160543,2019
P166814,2019
P164260,2019
P163923,2019
P163864,2019
P163560,2019
P168167,2019
P163857,2019
P170241,2019
P160157,2019
P159954,2019
P160619,2019
P147864,2019
P164243,2019
P157591,2019
P169078,2019
P149279,2019
P168926,2019
P180231,2023
P180453,2023
P179751,2023
P180163,2023
P178954,2023
P178530,2023
P177627,2023
P177932,2023
P174915,2023
P178701,2023
P180491,2023
P178763,2023
P178658,2023
P178633,2023
P179242,2023
P179867,2023
P180631,2023
P177077,2023
P176181,2023
P179249,2023
P177800,2023
P179363,2023
P178598,2023
P178750,2023
P180570,2023
P176698,2023
P178895,2023
P180245,2023
P177647,2023
P177768,2023
P178497,2023
P178654,2023
P177070,2023
P180755,2023
P179414,2023
P180365,2023
P177941,2023
P177785,2023
P179775,2023
P177370,2023
P177130,2023
P177957,2023
P174902,2023
P178432,2023
P177095,2023
P178678,2023
P178727,2023
P162957,2023
P179486,2023
P178480,2023
P180617,2023
P179008,2023
P179670,2023
P179875,2023
P178559,2023
P178989,2023
P177140,2023
P177940,2023
P174622,2023
P180098,2023
P177980,2023
P180064,2023
P180285,2023
P179637,2023
P181053,2023
P180996,2023
P181141,2023
P178665,2023
P180277,2023
P164765,2023
P180126,2023
P176688,2023
P175404,2023
P176607,2023
P179060,2023
P179954,2023
P171720,2023
P168847,2023
P171039,2023
P176776,2023
P176643,2023
P177533,2023
P175143,2023
P171658,2023
P177489,2023
P178710,2023
P178534,2023
P169425,2023
P179056,2023
P179440,2023
P179550,2023
P173296,2023
P173620,2023
P177371,2023
P178920,2023
P176459,2023
P170035,2023
P174322,2023
P174595,2023
P174323,2023
P172988,2023
P178252,2023
P177492,2023
P179217,2023
P179456,2023
P176779,2023
P173025,2023
P178517,2023
P167596,2023
P177654,2023
P175811,2023
P172284,2023
P175218,2023
P177389,2023
P177671,2023
P167946,2023
P181157,2023
P174535,2023
P180930,2023
P175915,2023
P173866,2023
P177163,2023
P181056,2023
P170976,2023
P180035,2023
P179240,2023
P170435,2023
P180475,2023
P173312,2023
P179267,2023
P178317,2023
P175167,2023
P176633,2023
P180674,2023
P178380,2023
P170941,2023
P181079,2023
P173119,2023
P174350,2023
P178694,2023
P178157,2023
P177825,2023
P177786,2023
P178188,2023
P178338,2023
P179665,2023
P161176,2023
P174639,2023
P172524,2023
P178532,2023
P176069,2023
P175525,2023
P178921,2023
P176040,2023
P179016,2023
P176772,2023
P180008,2023
P176989,2023
P175728,2023
P178035,2023
P177062,2023
P179636,2023
P176032,2023
P179595,2023
P175846,2023
P179291,2023
P176653,2023
P178599,2023
P178544,2023
P173671,2023
P174593,2023
P178878,2023
P180337,2023
P176680,2023
P178339,2023
P178389,2023
P178891,2023
P176982,2023
P181068,2023
P178996,2023
P177298,2023
P178888,2023
P175261,2023
P177442,2023
P178040,2023
P175655,2023
P177823,2023
P176383,2023
P178372,2023
P178477,2023
P179337,2023
P178418,2023
P175235,2023
P178609,2023
P180379,2023
P172817,2023
P179786,2023
P178642,2023
P177398,2023
P178628,2023
P176646,2023
P176366,2023
P177475,2023
P176902,2023
P180849,2023
P175629,2023
P175320,2023
P175731,2023
P180060,2023
P178734,2023
P180323,2023
P176619,2023
P179851,2023
P175192,2023
P179345,2023
P179255,2023
P176895,2023
P177044,2023
P170835,2023
P176327,2023
P179292,2023
P179999,2023
P176544,2023
P179507,2023
P180531,2023
P178545,2023
P180077,2023
P178835,2023
P179286,2023
P177875,2023
P177845,2023
P178907,2023
P177876,2023
P178778,2023
P179024,2023
P178553,2023
P177048,2023
P177816,2023
P175834,2023
P180734,2023
P177005,2023
P178072,2023
P179499,2023
P179981,2023
P179039,2023
P177917,2023
P176763,2023
P176786,2023
P178286,2023
P175322,2023
P176374,2023
P176780,2023
P178063,2023
P179014,2023
P178002,2023
P175672,2023
P179274,2023
P178207,2023
P177043,2023
P179447,2023
P178819,2023
P177468,2023
P177947,2023
P180741,2023
P178796,2023
P180117,2023
P180015,2023
P179818,2023
P180171,2023
P178973,2023
P176559,2023
P175523,2023
P180334,2023
P174137,2023
P178132,2023
P179466,2023
P180039,2023
P179359,2023
P177323,2023
P180401,2023
P151294,2023
P181004,2023
P177128,2023
P179035,2023
P178684,2023
P179701,2023
P176690,2023
P179235,2023
P180152,2023
P172497,2023
P179668,2023
P177145,2023
P177050,2023
P174542,2023
P178838,2023
P180659,2023
P178439,2023
P179184,2023
P179092,2023
P178677,2023
P178856,2023
P177214,2023
P173391,2023
P178924,2023
P180477,2023
P179799,2023
P180358,2023
P180211,2023
P180789,2023
P180785,2023
P180203,2023
P180875,2023
P180320,2023
P179592,2023
P178077,2023
P172770,2023
P176767,2023
P176025,2023
P178822,2023
P176749,2023
P180318,2023
P179084,2023
P179066,2023
P179311,2023
P180263,2023
P172893,2023
P178723,2023
P178332,2023
P180332,2023
P178824,2023
P178758,2023
P180432,2023
P180248,2023
P179612,2023
P171296,2023
P178988,2023
P177041,2023
P178715,2023
P173446,2023
P178362,2023
P178125,2023
P175269,2023
P178162,2023
P178770,2023
P179053,2023
P180680,2023
P179041,2023
P180781,2025
P179968,2025
P180488,2025
P179383,2025
P178105,2025
P179146,2025
P180979,2025
P179497,2025
P181020,2025
P180201,2025
P179725,2025
P179736,2025
P180509,2025
P180452,2025
P178978,2025
P179237,2025
P181212,2025
P180579,2025
P177042,2025
P181499,2025
P180621,2025
P178353,2025
P181496,2025
P179410,2025
P179853,2025
P180906,2025
P180884,2025
P180915,2025
P180953,2025
P180429,2025
P180672,2025
P179204,2025
P179330,2025
P179324,2025
P502042,2025
P180503,2025
P179402,2025
P181349,2025
P181458,2025
P180909,2025
P181433,2025
P181163,2025
P180416,2025
P181182,2025
P180648,2025
P180831,2025
P180911,2025
P179630,2025
P181210,2025
P180059,2025
P180965,2025
P180500,2025
P181064,2025
P181461,2025
P501648,2025
P180640,2025
P500519,2025
P181455,2025
P181237,2025
P179777,2025
P177944,2025
P181342,2025
P181253,2025
P181387,2025
P181466,2025
P180533,2025
P500625,2025
P181483,2025
P501017,2025
P500561,2025
P181028,2025
P181511,2025
P501277,2025
P501876,2025
P501217,2025
P500611,2025
P165545,2025
P181199,2025
P181252,2025
P181478,2025
P181424,2025
P501071,2025
P181090,2025
P500481,2025
P179807,2025
P181486,2025
P181242,2025
P180535,2025
P181251,2025
P177764,2025
P170944,2025
P176594,2025
P171422,2025
P178351,2025
P181450,2025
P177610,2025
P178862,2025
P171382,2025
P179448,2025
P181408,2025
P181368,2025
P179733,2025
P181444,2025
P170187,2025
P175199,2025
P176174,2025
P180233,2025
P170004,2025
P180790,2025
P180826,2025
P175624,2025
P179770,2025
P179429,2025
P176885,2025
P175343,2025
P181295,2025
P176602,2025
P179684,2025
P180992,2025
P172236,2025
P181030,2025
P178230,2025
P179705,2025
P180845,2025
P178622,2025
P176001,2025
P178774,2025
P180467,2025
P177485,2025
P180932,2025
P174723,2025
P179176,2025
P178261,2025
P180860,2025
P180253,2025
P178355,2025
P177450,2025
P180265,2025
P180807,2025
P178493,2025
P180392,2025
P168238,2025
P180649,2025
P178985,2025
P178923,2025
P181118,2025
P180925,2025
P181000,2025
P176429,2025
P174451,2025
P178253,2025
P180270,2025
P180283,2025
P181213,2025
P181259,2025
P173258,2025
P180376,2025
P501759,2025
P500523,2025
P500553,2025
P500501,2025
P500754,2025
P178994,2025
P500526,2025
P500672,2025
P500469,2025
P500431,2025
P177789,2025
P500495,2025
P500565,2025
P180539,2025
P500564,2025
P500796,2025
P180321,2025
P181456,2025
P181050,2025
P176743,2025
P179918,2025
P180468,2025
P177966,2025
P181191,2025
P175810,2025
P179211,2025
P181078,2025
P180635,2025
P179284,2025
P181250,2025
P177630,2025
P180664,2025
P177666,2025
P180676,2025
P179713,2025
P177638,2025
P177799,2025
P174944,2025
P178543,2025
P177372,2025
P177515,2025
P179833,2025
P178808,2025
P178932,2025
P180256,2025
P181248,2025
P180499,2025
P174995,2025
P177702,2025
P178779,2025
P500628,2026
P179254,2026
P171012,2027
P174626,2026
P178830,2026
P180780,2026
P181051,2026
P174175,2027
P180331,2026
P149827,2026
P500425,2026
